PLAYER_ID,PLAYER_NAME,BIRTHDATE,HEIGHT,WEIGHT,POSITION,JERSEY,COUNTRY,SCHOOL,FROM_YEAR,DRAFT_YEAR,DRAFT_ROUND,DRAFT_NUMBER
2544,LeBron James,1984-12-30T00:00:00,6-9,250,Forward,23,USA,St. Vincent-St. Mary HS (OH),2003,2003,1,1
101108,Chris Paul,1985-05-06T00:00:00,6-0,175,Guard,,USA,Wake Forest,2005,2005,1,4
200768,Kyle Lowry,1986-03-25T00:00:00,6-0,196,Guard,7,USA,Villanova,2006,2006,1,24
201142,Kevin Durant,1988-09-29T00:00:00,6-11,240,Forward,7,USA,Texas,2007,2007,1,2
201143,Al Horford,1986-06-03T00:00:00,6-8,240,Center-Forward,20,Dominican Republic,Florida,2007,2007,1,3
201144,Mike Conley,1987-10-11T00:00:00,6-1,175,Guard,10,USA,Ohio State,2007,2007,1,4
201145,Jeff Green,1986-08-28T00:00:00,6-8,235,Forward,32,USA,Georgetown,2007,2007,1,5
201566,Russell Westbrook,1988-11-12T00:00:00,6-4,200,Guard,18,USA,UCLA,2008,2008,1,4
201567,Kevin Love,1988-09-07T00:00:00,6-10,251,Forward-Center,42,USA,UCLA,2008,2008,1,5
201569,Eric Gordon,1988-12-25T00:00:00,6-3,215,Guard,,USA,Indiana,2008,2008,1,7
201572,Brook Lopez,1988-04-01T00:00:00,7-1,282,Center,11,USA,Stanford,2008,2008,1,10
201587,Nicolas Batum,1988-12-14T00:00:00,6-7,230,Guard-Forward,33,France,Le Mans,2008,2008,1,25
201599,DeAndre Jordan,1988-07-21T00:00:00,6-11,265,Center,9,USA,Texas A&M,2008,2008,2,35
201935,James Harden,1989-08-26T00:00:00,6-5,220,Guard,1,USA,Arizona State,2009,2009,1,3
201939,Stephen Curry,1988-03-14T00:00:00,6-2,185,Guard,30,USA,Davidson,2009,2009,1,7
201942,DeMar DeRozan,1989-08-07T00:00:00,6-6,220,Guard-Forward,10,USA,Southern California,2009,2009,1,9
201950,Jrue Holiday,1990-06-12T00:00:00,6-4,220,Guard,5,USA,UCLA,2009,2009,1,17
201959,Taj Gibson,1985-06-24T00:00:00,6-9,232,Forward,67,USA,Southern California,2009,2009,1,26
202066,Garrett Temple,1986-05-08T00:00:00,6-5,195,Guard-Forward,17,USA,Louisiana State,2009,,,
202331,Paul George,1990-05-02T00:00:00,6-8,230,Forward,8,USA,Fresno State,2010,2010,1,10
202685,Jonas Valančiūnas,1992-05-06T00:00:00,6-11,265,Center,17,Lithuania,Lietuvos rytas Vilnius,2012,2011,1,5
202687,Bismack Biyombo,1992-08-28T00:00:00,6-8,255,Center,18,DRC,Baloncesto Fuenlabrada,2011,2011,1,7
202691,Klay Thompson,1990-02-08T00:00:00,6-5,220,Guard,31,USA,Washington State,2011,2011,1,11
202695,Kawhi Leonard,1991-06-29T00:00:00,6-6,225,Forward,2,USA,San Diego State,2011,2011,1,15
202696,Nikola Vučević,1990-10-24T00:00:00,6-9,265,Center,4,Montenegro,Southern California,2011,2011,1,16
202699,Tobias Harris,1992-07-15T00:00:00,6-8,226,Forward,12,USA,Tennessee,2011,2011,1,19
202710,Jimmy Butler III,1989-09-14T00:00:00,6-6,230,Forward,10,USA,Marquette,2011,2011,1,30
203076,Anthony Davis,1993-03-11T00:00:00,6-10,253,Forward-Center,23,USA,Kentucky,2012,2012,1,1
203078,Bradley Beal,1993-06-28T00:00:00,6-4,207,Guard,0,USA,Florida,2012,2012,1,3
203083,Andre Drummond,1993-08-10T00:00:00,6-11,279,Center,1,USA,Connecticut,2012,2012,1,9
203084,Harrison Barnes,1992-05-30T00:00:00,6-7,225,Forward,40,USA,North Carolina,2012,2012,1,7
203110,Draymond Green,1990-03-04T00:00:00,6-6,230,Forward,23,USA,Michigan State,2012,2012,2,35
203114,Khris Middleton,1991-08-12T00:00:00,6-7,222,Forward,20,USA,Texas A&M,2012,2012,2,39
203468,CJ McCollum,1991-09-19T00:00:00,6-3,190,Guard,3,USA,Lehigh,2013,2013,1,10
203471,Dennis Schröder,1993-09-15T00:00:00,6-1,175,Guard,8,Germany,Braunschweig,2013,2013,1,17
203482,Kelly Olynyk,1991-04-19T00:00:00,7-0,240,Forward-Center,8,Canada,Gonzaga,2013,2013,1,13
203484,Kentavious Caldwell-Pope,1993-02-18T00:00:00,6-5,204,Guard,3,USA,Georgia,2013,2013,1,8
203486,Mason Plumlee,1990-03-05T00:00:00,7-0,254,Forward-Center,45,USA,Duke,2013,2013,1,22
203497,Rudy Gobert,1992-06-26T00:00:00,7-1,258,Center,27,France,Cholet,2013,2013,1,27
203500,Steven Adams,1993-07-20T00:00:00,6-11,265,Center,12,New Zealand,Pittsburgh,2013,2013,1,12
203501,Tim Hardaway Jr.,1992-03-16T00:00:00,6-5,205,Guard-Forward,10,USA,Michigan,2013,2013,1,24
203507,Giannis Antetokounmpo,1994-12-06T00:00:00,6-11,243,Forward,34,Greece,Filathlitikos,2013,2013,1,15
203552,Seth Curry,1990-08-23T00:00:00,6-1,185,Guard,31,USA,Duke,2013,,,
203648,Thanasis Antetokounmpo,1992-07-18T00:00:00,6-7,219,Forward,43,Greece,Panathinaikos,2015,2014,2,51
203897,Zach LaVine,1995-03-10T00:00:00,6-5,200,Guard,8,USA,UCLA,2014,2014,1,13
203903,Jordan Clarkson,1992-06-07T00:00:00,6-5,194,Guard,00,USA,Missouri,2014,2014,2,46
203914,Gary Harris,1994-09-14T00:00:00,6-4,210,Guard,11,USA,Michigan State,2014,2014,1,19
203924,Jerami Grant,1994-03-12T00:00:00,6-7,213,Forward,9,USA,Syracuse,2014,2014,2,39
203926,Doug McDermott,1992-01-03T00:00:00,6-7,225,Forward,7,USA,Creighton,2014,2014,1,11
203932,Aaron Gordon,1995-09-16T00:00:00,6-8,235,Forward,32,USA,Arizona,2014,2014,1,4
203935,Marcus Smart,1994-03-06T00:00:00,6-3,220,Guard,36,USA,Oklahoma State,2014,2014,1,6
203937,Kyle Anderson,1993-09-20T00:00:00,6-8,230,Forward-Guard,12,USA,UCLA,2014,2014,1,30
203939,Dwight Powell,1991-07-20T00:00:00,6-10,240,Forward-Center,7,Canada,Stanford,2014,2014,2,45
203944,Julius Randle,1994-11-29T00:00:00,6-9,250,Forward-Center,30,USA,Kentucky,2014,2014,1,7
203952,Andrew Wiggins,1995-02-23T00:00:00,6-6,197,Forward,22,Canada,Kansas,2014,2014,1,1
203954,Joel Embiid,1994-03-16T00:00:00,7-0,270,Center-Forward,21,Cameroon,Kansas,2014,2014,1,3
203967,Dario Saric,1994-04-08T00:00:00,6-10,225,Forward-Center,,Croatia,Anadolu Efes,2016,2014,1,12
203991,Clint Capela,1994-05-18T00:00:00,6-10,256,Center,30,Switzerland,Elan Chalon,2014,2014,1,25
203992,Bogdan Bogdanović,1992-08-18T00:00:00,6-5,225,Guard,7,Serbia,Fenerbahce,2017,2014,1,27
203994,Jusuf Nurkić,1994-08-23T00:00:00,6-11,290,Center,30,Bosnia and Herzegovina,Cedevita,2014,2014,1,16
203999,Nikola Jokić,1995-02-19T00:00:00,6-11,284,Center,15,Serbia,Mega Basket,2015,2014,2,41
204001,Kristaps Porziņģis,1995-08-02T00:00:00,7-2,240,Forward-Center,7,Latvia,Cajasol Sevilla,2015,2015,1,4
204060,Joe Ingles,1987-10-02T00:00:00,6-8,220,Forward-Guard,7,Australia,Maccabi Tel Aviv,2014,,,
204456,T.J. McConnell,1992-03-25T00:00:00,6-1,190,Guard,9,USA,Arizona,2015,2015,0,
1626145,Tyus Jones,1996-05-10T00:00:00,6-0,196,Guard,5,USA,Duke,2015,2015,1,24
1626156,D'Angelo Russell,1996-02-23T00:00:00,6-3,193,Guard,5,USA,Ohio State,2015,2015,1,2
1626157,Karl-Anthony Towns,1995-11-15T00:00:00,7-0,248,Center-Forward,32,USA,Kentucky,2015,2015,1,1
1626162,Kelly Oubre Jr.,1995-12-09T00:00:00,6-8,210,Forward-Guard,9,USA,Kansas,2015,2015,1,15
1626164,Devin Booker,1996-10-30T00:00:00,6-5,206,Guard,1,USA,Kentucky,2015,2015,1,13
1626166,Cameron Payne,1994-08-08T00:00:00,6-2,183,Guard,,USA,Murray State,2015,2015,1,14
1626167,Myles Turner,1996-03-24T00:00:00,6-11,250,Center-Forward,3,USA,Texas,2015,2015,1,11
1626171,Bobby Portis,1995-02-10T00:00:00,6-9,250,Forward,9,USA,Arkansas,2015,2015,1,22
1626172,Kevon Looney,1996-02-06T00:00:00,6-9,222,Forward,55,USA,UCLA,2015,2015,1,30
1626181,Norman Powell,1993-05-25T00:00:00,6-3,215,Guard,24,USA,UCLA,2015,2015,2,46
1626192,Pat Connaughton,1993-01-06T00:00:00,6-5,209,Guard,21,USA,Notre Dame,2015,2015,2,41
1626204,Larry Nance Jr.,1993-01-01T00:00:00,6-6,245,Forward-Center,22,USA,Wyoming,2015,2015,1,27
1626220,Royce O'Neale,1993-06-05T00:00:00,6-6,226,Forward,00,USA,Baylor,2017,,,
1627734,Domantas Sabonis,1996-05-03T00:00:00,6-10,240,Forward-Center,11,Lithuania,Gonzaga,2016,2016,1,11
1627739,Kris Dunn,1994-03-18T00:00:00,6-3,205,Guard,8,USA,Providence,2016,2016,1,5
1627741,Buddy Hield,1992-12-17T00:00:00,6-4,220,Guard,8,Bahamas,Oklahoma,2016,2016,1,6
1627742,Brandon Ingram,1997-09-02T00:00:00,6-8,190,Forward,3,USA,Duke,2016,2016,1,2
1627746,Skal Labissiere,1996-03-18T00:00:00,6-10,235,Forward-Center,,Haiti,Kentucky,2016,2016,1,28
1627747,Caris LeVert,1994-08-25T00:00:00,6-7,205,Guard,8,USA,Michigan,2016,2016,1,20
1627749,Dejounte Murray,1996-09-19T00:00:00,6-4,180,Guard,5,USA,Washington,2016,2016,1,29
1627750,Jamal Murray,1997-02-23T00:00:00,6-4,215,Guard,27,Canada,Kentucky,2016,2016,1,7
1627751,Jakob Poeltl,1995-10-15T00:00:00,7-0,253,Center,19,Austria,Utah,2016,2016,1,9
1627752,Taurean Prince,1994-03-22T00:00:00,6-6,218,Forward,12,USA,Baylor,2016,2016,1,12
1627759,Jaylen Brown,1996-10-24T00:00:00,6-6,223,Guard-Forward,7,USA,California,2016,2016,1,3
1627780,Gary Payton II,1992-12-01T00:00:00,6-2,195,Guard,0,USA,Oregon State,2016,,,
1627783,Pascal Siakam,1994-04-02T00:00:00,6-8,245,Forward,43,Cameroon,New Mexico State,2016,2016,1,27
1627824,Guerschon Yabusele,1995-12-17T00:00:00,6-7,265,Forward,28,France,"Rouen, France",2016,2016,1,16
1627826,Ivica Zubac,1997-03-18T00:00:00,7-0,240,Center,40,Croatia,Mega Basket,2016,2016,2,32
1627827,Dorian Finney-Smith,1993-05-04T00:00:00,6-7,220,Forward,2,USA,Florida,2016,,,
1627884,Derrick Jones Jr.,1997-02-15T00:00:00,6-6,210,Forward,5,USA,UNLV,2016,,,
1627936,Alex Caruso,1994-02-28T00:00:00,6-5,186,Guard,9,USA,Texas A&M,2017,,,
1628365,Markelle Fultz,1998-05-29T00:00:00,6-4,209,Guard,,USA,Washington,2017,2017,1,1
1628366,Lonzo Ball,1997-10-27T00:00:00,6-5,190,Guard,,USA,UCLA,2017,2017,1,2
1628368,De'Aaron Fox,1997-12-20T00:00:00,6-3,185,Guard,4,USA,Kentucky,2017,2017,1,5
1628369,Jayson Tatum,1998-03-03T00:00:00,6-8,210,Forward-Guard,0,USA,Duke,2017,2017,1,3
1628370,Malik Monk,1998-02-04T00:00:00,6-3,200,Guard,0,USA,Kentucky,2017,2017,1,11
1628371,Jonathan Isaac,1997-10-03T00:00:00,6-10,230,Forward,1,USA,Florida State,2017,2017,1,6
1628374,Lauri Markkanen,1997-05-22T00:00:00,7-1,240,Forward-Center,23,Finland,Arizona,2017,2017,1,7
1628378,Donovan Mitchell,1996-09-07T00:00:00,6-2,215,Guard,45,USA,Louisville,2017,2017,1,13
1628379,Luke Kennard,1996-06-24T00:00:00,6-5,206,Guard,10,USA,Duke,2017,2017,1,12
1628380,Zach Collins,1997-11-19T00:00:00,6-9,240,Forward-Center,12,USA,Gonzaga,2017,2017,1,10
1628381,John Collins,1997-09-23T00:00:00,6-9,226,Forward-Center,20,USA,Wake Forest,2017,2017,1,19
1628384,OG Anunoby,1997-07-17T00:00:00,6-7,240,Forward-Guard,8,United Kingdom,Indiana,2017,2017,1,23
1628386,Jarrett Allen,1998-04-21T00:00:00,6-9,243,Center,31,USA,Texas,2017,2017,1,22
1628389,Bam Adebayo,1997-07-18T00:00:00,6-9,255,Center-Forward,13,USA,Kentucky,2017,2017,1,14
1628392,Isaiah Hartenstein,1998-05-05T00:00:00,7-0,250,Center-Forward,55,Germany,Zalgiris,2018,2017,2,43
1628396,Tony Bradley,1998-01-08T00:00:00,6-10,248,Center-Forward,13,USA,North Carolina,2017,2017,1,28
1628398,Kyle Kuzma,1995-07-24T00:00:00,6-8,221,Forward,18,USA,Utah,2017,2017,1,27
1628401,Derrick White,1994-07-02T00:00:00,6-4,190,Guard,9,USA,Colorado,2017,2017,1,29
1628404,Josh Hart,1995-03-06T00:00:00,6-5,215,Guard,3,USA,Villanova,2017,2017,1,30
1628415,Dillon Brooks,1996-01-22T00:00:00,6-7,225,Guard-Forward,3,Canada,Oregon,2017,2017,2,45
1628418,Thomas Bryant,1997-07-31T00:00:00,6-9,248,Center-Forward,3,USA,Indiana,2017,2017,2,42
1628420,Monte Morris,1995-06-27T00:00:00,6-2,183,Guard,,USA,Iowa State,2017,2017,2,51
1628436,Luke Kornet,1995-07-15T00:00:00,7-1,250,Center-Forward,7,USA,Vanderbilt,2017,,,
1628449,Chris Boucher,1993-01-11T00:00:00,6-8,200,Forward,,Saint Lucia,Oregon,2017,,,
1628467,Maxi Kleber,1992-01-29T00:00:00,6-10,240,Forward,14,Germany,Bayern Munich,2017,,,
1628502,Nigel Hayes-Davis,1994-12-16T00:00:00,6-7,254,Forward,,USA,Wisconsin,2017,,,
1628960,Grayson Allen,1995-10-08T00:00:00,6-3,198,Guard,8,USA,Duke,2018,2018,1,21
1628963,Marvin Bagley III,1999-03-14T00:00:00,6-10,235,Forward,35,USA,Duke,2018,2018,1,2
1628964,Mo Bamba,1998-05-12T00:00:00,7-0,231,Center,,USA,Texas,2018,2018,1,6
1628969,Mikal Bridges,1996-08-30T00:00:00,6-6,209,Guard-Forward,25,USA,Villanova,2018,2018,1,10
1628970,Miles Bridges,1998-03-21T00:00:00,6-7,225,Forward,0,USA,Michigan State,2018,2018,1,12
1628971,Bruce Brown,1996-08-15T00:00:00,6-4,202,Guard-Forward,11,USA,Miami,2018,2018,2,42
1628973,Jalen Brunson,1996-08-31T00:00:00,6-2,190,Guard,11,USA,Villanova,2018,2018,2,33
1628975,Jevon Carter,1995-09-14T00:00:00,6-0,190,Guard,2,USA,West Virginia,2018,2018,2,32
1628976,Wendell Carter Jr.,1999-04-16T00:00:00,6-10,270,Center-Forward,34,USA,Duke,2018,2018,1,7
1628978,Donte DiVincenzo,1997-01-31T00:00:00,6-4,203,Guard,0,USA,Villanova,2018,2018,1,17
1628983,Shai Gilgeous-Alexander,1998-07-12T00:00:00,6-6,195,Guard,2,Canada,Kentucky,2018,2018,1,11
1628988,Aaron Holiday,1996-09-30T00:00:00,6-0,185,Guard,0,USA,UCLA,2018,2018,1,23
1628989,Kevin Huerter,1998-08-27T00:00:00,6-6,190,Guard-Forward,27,USA,Maryland,2018,2018,1,19
1628991,Jaren Jackson Jr.,1999-09-15T00:00:00,6-10,242,Forward-Center,20,USA,Michigan State,2018,2018,1,4
1628997,Caleb Martin,1995-09-28T00:00:00,6-5,205,Forward,16,USA,Nevada,2019,,,
1628998,Cody Martin,1995-09-28T00:00:00,6-6,205,Forward,,USA,Nevada,2019,2019,2,36
1629001,De'Anthony Melton,1998-05-28T00:00:00,6-2,200,Guard,8,USA,Southern California,2018,2018,2,46
1629004,Svi Mykhailiuk,1997-06-10T00:00:00,6-7,205,Guard-Forward,10,Ukraine,Kansas,2018,2018,2,47
1629006,Josh Okogie,1998-09-01T00:00:00,6-4,213,Guard,20,Nigeria,Georgia Tech,2018,2018,1,20
1629008,Michael Porter Jr.,1998-06-29T00:00:00,6-10,218,Forward,17,USA,Missouri,2018,2018,1,14
1629011,Mitchell Robinson,1998-04-01T00:00:00,7-0,240,Center-Forward,23,USA,Western Kentucky,2018,2018,2,36
1629012,Collin Sexton,1999-01-04T00:00:00,6-3,190,Guard,2,USA,Alabama,2018,2018,1,8
1629013,Landry Shamet,1997-03-13T00:00:00,6-5,190,Guard,44,USA,Wichita State,2018,2018,1,26
1629014,Anfernee Simons,1999-06-08T00:00:00,6-3,200,Guard,22,USA,Edgewater HS (FL),2018,2018,1,24
1629018,Gary Trent Jr.,1999-01-18T00:00:00,6-5,204,Guard,5,USA,Duke,2018,2018,2,37
1629020,Jarred Vanderbilt,1999-04-03T00:00:00,6-8,214,Forward,2,USA,Kentucky,2018,2018,2,41
1629021,Moritz Wagner,1997-04-26T00:00:00,6-11,245,Forward-Center,21,Germany,Michigan,2018,2018,1,25
1629023,P.J. Washington,1998-08-23T00:00:00,6-7,230,Forward,25,USA,Kentucky,2019,2019,1,12
1629026,Kenrich Williams,1994-12-02T00:00:00,6-7,210,Guard-Forward,34,USA,TCU,2018,,,
1629027,Trae Young,1998-09-19T00:00:00,6-2,164,Guard,3,USA,Oklahoma,2018,2018,1,5
1629028,Deandre Ayton,1998-07-23T00:00:00,7-0,252,Center,5,Bahamas,Arizona,2018,2018,1,1
1629029,Luka Dončić,1999-02-28T00:00:00,6-8,230,Forward-Guard,77,Slovenia,Real Madrid,2018,2018,1,3
1629048,Goga Bitadze,1999-07-20T00:00:00,6-11,250,Center-Forward,35,Georgia,Mega Basket,2019,2019,1,18
1629057,Robert Williams III,1997-10-17T00:00:00,6-9,249,Center-Forward,35,USA,Texas A&M,2018,2018,1,27
1629060,Rui Hachimura,1998-02-08T00:00:00,6-8,230,Forward,28,Japan,Gonzaga,2019,2019,1,9
1629111,Jock Landale,1995-10-25T00:00:00,6-11,255,Center,31,Australia,St. Mary's,2021,,,
1629130,Duncan Robinson,1994-04-22T00:00:00,6-7,215,Forward,55,USA,Michigan,2018,,,
1629162,Jordan McLaughlin,1996-04-09T00:00:00,5-11,185,Guard,0,USA,Southern California,2019,,,
1629216,Gabe Vincent,1996-06-14T00:00:00,6-2,200,Guard,4,USA,California-Santa Barbara,2019,,,
1629234,Drew Eubanks,1997-02-01T00:00:00,6-10,245,Forward-Center,19,USA,Oregon State,2018,,,
1629312,Haywood Highsmith,1996-12-09T00:00:00,6-5,220,Forward,7,USA,Wheeling Jesuit,2018,2018,,
1629599,Amir Coffey,1997-06-17T00:00:00,6-7,210,Guard-Forward,2,USA,Minnesota,2019,,,
1629610,DaQuan Jeffries,1997-08-30T00:00:00,6-5,222,Guard-Forward,,USA,Tulsa,2019,,,
1629611,Terance Mann,1996-10-18T00:00:00,6-6,215,Guard-Forward,14,USA,Florida State,2019,2019,2,48
1629614,Andrew Nembhard,2000-01-16T00:00:00,6-4,191,Guard-Forward,2,Canada,Gonzaga,2022,2022,2,31
1629618,Jalen Pickett,1999-10-22T00:00:00,6-2,202,Guard,24,USA,Penn State,2023,2023,2,32
1629622,Max Strus,1996-03-28T00:00:00,6-5,215,Guard-Forward,2,USA,DePaul,2019,,,
1629627,Zion Williamson,2000-07-06T00:00:00,6-6,284,Forward,1,USA,Duke,2019,2019,1,1
1629628,RJ Barrett,2000-06-14T00:00:00,6-6,214,Forward-Guard,9,Canada,Duke,2019,2019,1,3
1629630,Ja Morant,1999-08-10T00:00:00,6-2,174,Guard,12,USA,Murray State,2019,2019,1,2
1629631,De'Andre Hunter,1997-12-02T00:00:00,6-7,221,Forward-Guard,15,USA,Virginia,2019,2019,1,4
1629632,Coby White,2000-02-16T00:00:00,6-4,210,Guard,3,USA,North Carolina,2019,2019,1,7
1629634,Brandon Clarke,1996-09-19T00:00:00,6-8,215,Forward,15,Canada,Gonzaga,2019,2019,1,21
1629636,Darius Garland,2000-01-26T00:00:00,6-1,192,Guard,10,USA,Vanderbilt,2019,2019,1,5
1629637,Jaxson Hayes,2000-05-23T00:00:00,7-0,220,Center-Forward,11,USA,Texas,2019,2019,1,8
1629638,Nickeil Alexander-Walker,1998-09-02T00:00:00,6-5,205,Guard,7,Canada,Virginia Tech,2019,2019,1,17
1629639,Tyler Herro,2000-01-20T00:00:00,6-5,195,Guard,14,USA,Kentucky,2019,2019,1,13
1629640,Keldon Johnson,1999-10-11T00:00:00,6-6,220,Forward-Guard,3,USA,Kentucky,2019,2019,1,29
1629645,Kevin Porter Jr.,2000-05-04T00:00:00,6-5,203,Guard-Forward,7,USA,Southern California,2019,2019,1,30
1629646,Charles Bassey,2000-10-28T00:00:00,6-10,230,Center-Forward,28,Nigeria,Western Kentucky,2021,2021,2,53
1629651,Nic Claxton,1999-04-17T00:00:00,6-11,215,Center,33,USA,Georgia,2019,2019,2,31
1629652,Luguentz Dort,1999-04-19T00:00:00,6-4,220,Guard,5,Canada,Arizona State,2019,,,
1629655,Daniel Gafford,1998-10-01T00:00:00,6-10,265,Forward-Center,21,USA,Arkansas,2019,2019,2,38
1629656,Quentin Grimes,2000-05-08T00:00:00,6-5,207,Guard,5,USA,Houston,2021,2021,1,25
1629660,Ty Jerome,1997-07-08T00:00:00,6-5,195,Guard-Forward,2,USA,Virginia,2019,2019,1,24
1629661,Cameron Johnson,1996-03-03T00:00:00,6-8,210,Forward,23,USA,North Carolina,2019,2019,1,11
1629673,Jordan Poole,1999-06-19T00:00:00,6-4,194,Guard,3,USA,Michigan,2019,2019,1,28
1629674,Neemias Queta,1999-07-13T00:00:00,7-0,248,Center,88,Portugal,Utah State,2021,2021,2,39
1629675,Naz Reid,1999-08-26T00:00:00,6-9,264,Center-Forward,11,USA,Louisiana State,2019,,,
1629680,Matisse Thybulle,1997-03-04T00:00:00,6-5,202,Guard-Forward,4,USA,Washington,2019,2019,1,20
1629684,Grant Williams,1998-11-30T00:00:00,6-7,236,Forward,2,USA,Tennessee,2019,2019,1,22
1629723,John Konchar,1996-03-22T00:00:00,6-5,210,Guard,55,USA,Indiana-Purdue Fort Wayne,2019,,,
1629726,Garrison Mathews,1996-10-24T00:00:00,6-5,215,Guard,,USA,Lipscomb,2019,,,
1629731,Dean Wade,1996-11-20T00:00:00,6-9,228,Forward-Center,32,USA,Kansas State,2019,,,
1629750,Javonte Green,1993-07-23T00:00:00,6-5,205,Guard,31,USA,Radford,2019,,,
1630162,Anthony Edwards,2001-08-05T00:00:00,6-4,225,Guard,5,USA,Georgia,2020,2020,1,1
1630163,LaMelo Ball,2001-08-22T00:00:00,6-7,180,Guard,1,USA,Illawarra,2020,2020,1,3
1630164,James Wiseman,2001-03-31T00:00:00,6-11,240,Center,,USA,Memphis,2020,2020,1,2
1630165,Killian Hayes,2001-07-27T00:00:00,6-4,195,Guard,7,France,Ratiopharm Ulm,2020,2020,1,7
1630166,Deni Avdija,2001-01-03T00:00:00,6-8,228,Forward,8,Israel,Maccabi Tel Aviv,2020,2020,1,9
1630167,Obi Toppin,1998-03-04T00:00:00,6-9,220,Forward,1,USA,Dayton,2020,2020,1,8
1630168,Onyeka Okongwu,2000-12-11T00:00:00,6-10,240,Forward-Center,17,USA,Southern California,2020,2020,1,6
1630170,Devin Vassell,2000-08-23T00:00:00,6-5,200,Guard-Forward,24,USA,Florida State,2020,2020,1,11
1630171,Isaac Okoro,2001-01-26T00:00:00,6-4,225,Forward-Guard,35,USA,Auburn,2020,2020,1,5
1630172,Patrick Williams,2001-08-26T00:00:00,6-6,235,Forward,44,USA,Florida State,2020,2020,1,4
1630173,Precious Achiuwa,1999-09-19T00:00:00,6-8,243,Forward,9,Nigeria,Memphis,2020,2020,1,20
1630174,Aaron Nesmith,1999-10-16T00:00:00,6-5,215,Guard-Forward,23,USA,Vanderbilt,2020,2020,1,14
1630175,Cole Anthony,2000-05-15T00:00:00,6-2,185,Guard,,USA,North Carolina,2020,2020,1,15
1630178,Tyrese Maxey,2000-11-04T00:00:00,6-2,200,Guard,0,USA,Kentucky,2020,2020,1,21
1630180,Saddiq Bey,1999-04-09T00:00:00,6-8,215,Guard-Forward,41,USA,Villanova,2020,2020,1,19
1630182,Josh Green,2000-11-16T00:00:00,6-6,200,Guard,10,Australia,Arizona,2020,2020,1,18
1630183,Jaden McDaniels,2000-09-29T00:00:00,6-9,185,Forward,3,USA,Washington,2020,2020,1,28
1630188,Jalen Smith,2000-03-16T00:00:00,6-8,244,Forward-Center,25,USA,Maryland,2020,2020,1,10
1630191,Isaiah Stewart,2001-05-22T00:00:00,6-8,250,Forward-Center,28,USA,Washington,2020,2020,1,16
1630192,Zeke Nnaji,2001-01-09T00:00:00,6-10,240,Forward-Center,22,USA,Arizona,2020,2020,1,22
1630193,Immanuel Quickley,1999-06-17T00:00:00,6-2,190,Guard,5,USA,Kentucky,2020,2020,1,25
1630194,Paul Reed,1999-06-14T00:00:00,6-9,210,Forward,7,USA,DePaul,2020,2020,2,58
1630198,Isaiah Joe,1999-07-02T00:00:00,6-4,165,Guard,11,USA,Arkansas,2020,2020,2,49
1630200,Tre Jones,2000-01-08T00:00:00,6-1,190,Guard,30,USA,Duke,2020,2020,2,41
1630202,Payton Pritchard,1998-01-28T00:00:00,6-1,195,Guard,11,USA,Oregon,2020,2020,1,26
1630208,Nick Richards,1997-11-29T00:00:00,6-11,245,Center,13,Jamaica,Kentucky,2020,2020,2,42
1630209,Omer Yurtseven,1998-06-19T00:00:00,6-11,275,Center,,Turkey,Georgetown,2020,,,
1630214,Xavier Tillman,1999-01-12T00:00:00,6-8,245,Forward,26,USA,Michigan State,2020,2020,2,35
1630217,Desmond Bane,1998-06-25T00:00:00,6-6,215,Guard,3,USA,TCU,2020,2020,1,30
1630224,Jalen Green,2002-02-09T00:00:00,6-4,186,Guard,4,USA,NBA G League Ignite,2021,2021,1,2
1630228,Jonathan Kuminga,2002-10-06T00:00:00,6-7,225,Forward,0,DRC,NBA G League Ignite,2021,2021,1,7
1630230,Naji Marshall,1998-01-24T00:00:00,6-6,220,Forward,13,USA,Xavier,2020,,,
1630241,Sam Merrill,1996-05-15T00:00:00,6-4,205,Guard,5,USA,Utah State,2020,2020,2,60
1630245,Ayo Dosunmu,2000-01-17T00:00:00,6-4,201,Guard,13,USA,Illinois,2021,2021,2,38
1630249,Vít Krejčí,2000-06-19T00:00:00,6-8,195,Guard,27,Czech Republic,Zaragoza,2021,2020,2,37
1630256,Jae'Sean Tate,1995-10-28T00:00:00,6-4,230,Forward,8,USA,Ohio State,2020,,,
1630264,Anthony Gill,1992-10-17T00:00:00,6-7,230,Forward,16,USA,Virginia,2020,,,
1630286,Trevon Scott,1996-11-25T00:00:00,6-8,225,Forward,,USA,Cincinnati,2021,,,
1630311,Pat Spencer,1996-07-04T00:00:00,6-2,205,Guard,61,USA,Northwestern,2023,,,
1630314,Brandon Williams,1999-11-22T00:00:00,6-1,190,Guard,10,USA,Arizona,2021,,,
1630322,Lindy Waters III,1997-07-28T00:00:00,6-5,210,Forward,43,USA,Oklahoma State,2021,,,
1630526,Jeremiah Robinson-Earl,2000-11-03T00:00:00,6-9,240,Forward,,USA,Villanova,2021,2021,2,32
1630529,Herbert Jones,1998-10-06T00:00:00,6-7,206,Forward,2,USA,Alabama,2021,2021,2,35
1630530,Trey Murphy III,2000-06-18T00:00:00,6-8,206,Forward,25,USA,Virginia,2021,2021,1,17
1630532,Franz Wagner,2001-08-27T00:00:00,6-10,220,Forward,22,Germany,Michigan,2021,2021,1,8
1630533,Ziaire Williams,2001-09-12T00:00:00,6-9,185,Forward,1,USA,Stanford,2021,2021,1,10
1630534,Ochai Agbaji,2000-04-20T00:00:00,6-5,215,Guard,30,USA,Kansas,2022,2022,1,14
1630536,Sharife Cooper,2001-06-11T00:00:00,6-0,176,Guard,13,USA,Auburn,2021,2021,2,48
1630538,Bones Hyland,2000-09-14T00:00:00,6-2,169,Guard,8,USA,Virginia Commonwealth,2021,2021,1,26
1630540,Miles McBride,2000-09-08T00:00:00,6-2,195,Guard,2,USA,West Virginia,2021,2021,2,36
1630541,Moses Moody,2002-05-31T00:00:00,6-5,211,Guard,4,USA,Arkansas,2021,2021,1,14
1630543,Isaiah Jackson,2002-01-10T00:00:00,6-8,205,Forward,23,USA,Kentucky,2021,2021,1,22
1630544,Tre Mann,2001-02-03T00:00:00,6-4,178,Guard,23,USA,Florida,2021,2021,1,18
1630545,Terrence Shannon Jr.,2000-07-30T00:00:00,6-6,215,Guard-Forward,1,USA,Illinois,2024,2024,1,27
1630548,Johnny Juzang,2001-03-17T00:00:00,6-7,226,Guard,,USA,UCLA,2022,,,
1630549,Day'Ron Sharpe,2001-11-06T00:00:00,6-10,265,Center,20,USA,North Carolina,2021,2021,1,29
1630551,Justin Champagnie,2001-06-29T00:00:00,6-6,206,Guard-Forward,9,USA,Pittsburgh,2021,,,
1630552,Jalen Johnson,2001-12-18T00:00:00,6-8,219,Forward,1,USA,Duke,2021,2021,1,20
1630557,Corey Kispert,1999-03-03T00:00:00,6-6,224,Forward,24,USA,Gonzaga,2021,2021,1,15
1630558,Davion Mitchell,1998-09-05T00:00:00,6-0,202,Guard,45,USA,Baylor,2021,2021,1,9
1630559,Austin Reaves,1998-05-29T00:00:00,6-5,197,Guard,15,USA,Oklahoma,2021,,,
1630560,Cam Thomas,2001-10-13T00:00:00,6-3,210,Guard,,Japan,Louisiana State,2021,2021,1,27
1630567,Scottie Barnes,2001-08-01T00:00:00,6-8,237,Forward-Guard,4,USA,Florida State,2021,2021,1,4
1630568,Luka Garza,1998-12-27T00:00:00,6-10,243,Center,52,USA,Iowa,2021,2021,2,52
1630570,Trendon Watford,2000-11-09T00:00:00,6-8,245,Guard-Forward,12,USA,Louisiana State,2021,,,
1630572,Sandro Mamukelashvili,1999-05-23T00:00:00,6-9,240,Forward-Center,54,Georgia,Seton Hall,2021,2021,2,54
1630573,Sam Hauser,1997-12-08T00:00:00,6-7,217,Forward,30,USA,Virginia,2021,,,
1630574,Ariel Hukporti,2002-04-12T00:00:00,7-0,246,Center,55,Germany,Riesen Ludwigsburg,2024,2024,2,58
1630577,Julian Champagnie,2001-06-29T00:00:00,6-7,217,Forward,30,USA,St. John's,2022,,,
1630578,Alperen Sengun,2002-07-25T00:00:00,6-11,243,Center,28,Turkey,Besiktas,2021,2021,1,16
1630579,Jericho Sims,1998-10-20T00:00:00,6-10,250,Center,00,USA,Texas,2021,2021,2,58
1630581,Josh Giddey,2002-10-10T00:00:00,6-7,214,Guard,3,Australia,NBA Global Academy,2021,2021,1,6
1630583,Santi Aldama,2001-01-10T00:00:00,7-0,215,Forward-Center,7,Spain,Loyola-Maryland,2021,2021,1,30
1630587,Isaiah Livers,1998-07-28T00:00:00,6-6,232,Forward,18,USA,Michigan,2021,2021,2,42
1630590,Scotty Pippen Jr.,2000-11-10T00:00:00,6-2,170,Guard,1,USA,Vanderbilt,2022,,,
1630591,Jalen Suggs,2001-06-03T00:00:00,6-5,205,Guard,4,USA,Gonzaga,2021,2021,1,5
1630592,Jalen Wilson,2000-11-04T00:00:00,6-6,220,Forward,22,USA,Kansas,2023,2023,2,51
1630595,Cade Cunningham,2001-09-25T00:00:00,6-6,220,Guard,2,USA,Oklahoma State,2021,2021,1,1
1630596,Evan Mobley,2001-06-18T00:00:00,6-11,215,Center,4,USA,Southern California,2021,2021,1,3
1630598,Aaron Wiggins,1999-01-02T00:00:00,6-5,190,Guard,21,USA,Maryland,2021,2021,2,55
1630604,E.J. Liddell,2000-12-18T00:00:00,6-6,240,Forward,9,USA,Ohio State,2022,2022,2,41
1630610,DeJon Jarreau,1998-01-23T00:00:00,6-5,185,Guard,,USA,Houston,2021,,,
1630611,Gui Santos,2002-06-22T00:00:00,6-7,185,Forward,15,Brazil,Minas,2023,2022,2,55
1630619,Moussa Cisse,2002-09-10T00:00:00,6-11,220,Center,30,Guinea,Memphis,2025,,,
1630621,Hunter Dickinson,2000-11-25T00:00:00,7-1,255,Center,4,USA,Kansas,2025,,,
1630623,Tyson Etienne,1999-09-17T00:00:00,6-0,200,Guard,10,USA,Wichita State,2024,,,
1630625,Dalano Banton,1999-11-07T00:00:00,6-8,203,Forward,45,Canada,Nebraska,2021,2021,2,46
1630631,Jose Alvarado,1998-04-12T00:00:00,6-0,179,Guard,5,USA,Georgia Tech,2021,,,
1630639,A.J. Lawson,2000-07-15T00:00:00,6-6,179,Guard,0,Canada,South Carolina,2022,,,
1630643,Jay Huff,1997-08-25T00:00:00,7-1,240,Center,32,USA,Virginia,2021,,,
1630644,Mac McClung,1999-01-06T00:00:00,6-2,185,Guard,5,USA,Texas Tech,2021,,,
1630649,Stanley Umude,1999-04-12T00:00:00,6-6,210,Guard,,USA,Arkansas,2022,,,
1630658,Colin Castleton,2000-05-25T00:00:00,6-10,250,Center,14,USA,Florida,2023,,,
1630679,Ethan Thompson,1999-05-04T00:00:00,6-4,195,Guard,55,Puerto Rico,Oregon State,2024,,,
1630692,Jordan Goodwin,1998-10-23T00:00:00,6-3,215,Guard,23,USA,St. Louis,2021,,,
1630695,Micah Potter,1998-04-06T00:00:00,6-9,248,Center,11,USA,Wisconsin,2021,,,
1630696,Dru Smith,1997-12-30T00:00:00,6-2,203,Guard,12,USA,Missouri,2022,,,
1630699,MarJon Beauchamp,2000-10-12T00:00:00,6-7,199,Forward,16,USA,NBA G League Ignite,2021,2022,1,24
1630700,Dyson Daniels,2003-03-17T00:00:00,6-7,199,Guard,5,Australia,NBA G League Ignite,2021,2022,1,8
1630702,Jaden Hardy,2002-07-05T00:00:00,6-3,198,Guard,8,USA,NBA G League Ignite,2021,2022,2,37
1630703,Scoot Henderson,2004-02-03T00:00:00,6-3,207,Guard,00,USA,NBA G League Ignite,2021,2023,1,3
1630811,Keaton Wallace,1999-02-26T00:00:00,6-3,185,Guard,2,USA,Texas-San Antonio,2024,,,
1630828,Alex Antetokounmpo,2001-08-27T00:00:00,6-8,214,Forward,29,Greece,,2025,,,
1630846,Olivier Sarr,1999-02-20T00:00:00,6-10,240,Center,33,France,Kentucky,2021,,,
1631093,Jaden Ivey,2002-02-13T00:00:00,6-3,195,Guard,,USA,Purdue,2022,2022,1,5
1631094,Paolo Banchero,2002-11-12T00:00:00,6-10,250,Forward,5,USA,Duke,2022,2022,1,1
1631095,Jabari Smith Jr.,2003-05-13T00:00:00,6-11,220,Forward,10,USA,Auburn,2022,2022,1,3
1631096,Chet Holmgren,2002-05-01T00:00:00,7-1,208,Center-Forward,7,USA,Gonzaga,2022,2022,1,2
1631097,Bennedict Mathurin,2002-06-19T00:00:00,6-5,210,Guard-Forward,9,Canada,Arizona,2022,2022,1,6
1631099,Keegan Murray,2000-08-19T00:00:00,6-8,225,Forward,13,USA,Iowa,2022,2022,1,4
1631101,Shaedon Sharpe,2003-05-30T00:00:00,6-5,210,Guard,17,Canada,Kentucky,2022,2022,1,7
1631102,TyTy Washington Jr.,2001-11-15T00:00:00,6-3,195,Guard,14,USA,Kentucky,2022,2022,1,29
1631103,Malaki Branham,2003-05-12T00:00:00,6-4,180,Forward,,USA,Ohio State,2022,2022,1,20
1631104,Blake Wesley,2003-03-16T00:00:00,6-4,190,Guard,1,USA,Notre Dame,2022,2022,1,25
1631105,Jalen Duren,2003-11-18T00:00:00,6-10,250,Center,0,USA,Memphis,2022,2022,1,13
1631106,Tari Eason,2001-05-10T00:00:00,6-8,215,Forward,17,USA,Louisiana State,2022,2022,1,17
1631107,Nikola Jović,2003-06-09T00:00:00,6-10,205,Forward,5,Serbia,Mega Basket,2022,2022,1,27
1631108,Max Christie,2003-02-10T00:00:00,6-5,190,Guard,00,USA,Michigan State,2022,2022,2,35
1631109,Mark Williams,2001-12-16T00:00:00,7-1,240,Center,15,USA,Duke,2022,2022,1,15
1631110,Jeremy Sochan,2003-05-20T00:00:00,6-8,230,Forward,20,Poland,Baylor,2022,2022,1,9
1631111,Wendell Moore Jr.,2001-09-18T00:00:00,6-5,215,Guard,14,USA,Duke,2022,2022,1,26
1631113,Kennedy Chandler,2002-09-16T00:00:00,6-0,170,Guard,,USA,Tennessee,2022,2022,2,38
1631114,Jalen Williams,2001-04-14T00:00:00,6-5,211,Guard-Forward,8,USA,Santa Clara,2022,2022,1,12
1631115,Orlando Robinson,2000-07-10T00:00:00,6-10,235,Center,,USA,Fresno State,2022,,,
1631116,Patrick Baldwin Jr.,2002-11-18T00:00:00,7-0,220,Forward,23,USA,Wisconsin-Milwaukee,2022,2022,1,28
1631117,Walker Kessler,2001-07-26T00:00:00,7-2,245,Center,24,USA,Auburn,2022,2022,1,22
1631119,Jaylin Williams,2002-06-29T00:00:00,6-9,240,Forward,6,USA,Arkansas,2022,2022,2,34
1631120,JD Davison,2002-10-03T00:00:00,6-1,195,Guard,4,USA,Alabama,2022,2022,2,53
1631121,Bryce McGowens,2002-11-08T00:00:00,6-6,190,Guard,11,USA,Nebraska,2022,2022,2,40
1631123,Jamaree Bouyea,1999-06-27T00:00:00,6-2,180,Guard,17,USA,San Francisco,2022,,,
1631124,Julian Strawther,2002-04-18T00:00:00,6-6,205,Guard,3,USA,Gonzaga,2023,2023,1,29
1631126,Caleb Love,2001-09-27T00:00:00,6-3,212,Guard,2,USA,Arizona,2025,,,
1631127,Harrison Ingram,2002-11-27T00:00:00,6-5,230,Forward,55,USA,North Carolina,2024,2024,2,48
1631128,Christian Braun,2001-04-17T00:00:00,6-6,220,Guard,0,USA,Kansas,2022,2022,1,21
1631131,Oscar Tshiebwe,1999-11-27T00:00:00,6-8,255,Forward-Center,34,DRC,Kentucky,2023,,,
1631132,Christian Koloko,2000-06-20T00:00:00,6-11,225,Center,10,Cameroon,Arizona,2022,2022,2,33
1631133,Jabari Walker,2002-07-30T00:00:00,6-7,237,Forward,33,USA,Colorado,2022,2022,2,57
1631157,Ryan Rollins,2002-07-03T00:00:00,6-3,180,Guard,13,USA,Toledo,2022,2022,2,44
1631159,Leonard Miller,2003-11-26T00:00:00,6-10,220,Forward,11,Canada,NBA G League Ignite,2022,2023,2,33
1631165,Keon Ellis,2000-01-08T00:00:00,6-4,175,Guard,14,USA,Alabama,2022,,,
1631166,Drew Timme,2000-09-09T00:00:00,6-9,235,Forward,17,USA,Gonzaga,2024,,,
1631169,Josh Minott,2002-11-25T00:00:00,6-8,205,Forward,00,USA,Memphis,2022,2022,2,45
1631170,Jaime Jaquez Jr.,2001-02-18T00:00:00,6-6,225,Guard,11,USA,UCLA,2023,2023,1,18
1631172,Ousmane Dieng,2003-05-21T00:00:00,6-9,185,Forward,21,France,New Zealand Breakers,2022,2022,1,11
1631174,Tyler Burton,2000-02-11T00:00:00,6-7,215,Forward,,USA,Richmond,2025,,,
1631199,Ron Harper Jr.,2000-04-12T00:00:00,6-5,233,Guard-Forward,13,USA,Rutgers,2022,,,
1631200,Kris Murray,2000-08-19T00:00:00,6-8,218,Forward,24,USA,Iowa,2023,2023,1,23
1631204,Marcus Sasser,2000-09-21T00:00:00,6-1,195,Guard,25,USA,Houston,2023,2023,1,25
1631205,Buddy Boeheim,1999-11-11T00:00:00,6-5,205,Forward,,USA,Syracuse,2022,,,
1631207,Dalen Terry,2002-07-12T00:00:00,6-6,210,Forward,14,USA,Arizona,2022,2022,1,18
1631210,Jacob Toppin,2000-05-08T00:00:00,6-9,200,Forward,,USA,Kentucky,2023,,,
1631211,Trevor Keels,2003-08-26T00:00:00,6-3,215,Guard,3,USA,Duke,2022,2022,2,42
1631212,Peyton Watson,2002-09-11T00:00:00,6-8,200,Guard,8,USA,UCLA,2022,2022,1,30
1631213,Tyrese Martin,1999-03-07T00:00:00,6-6,215,Forward,23,USA,Connecticut,2022,2022,2,51
1631214,Alondes Williams,1999-06-19T00:00:00,6-4,210,Guard,,USA,Wake Forest,2022,,,
1631216,Caleb Houstan,2003-01-09T00:00:00,6-8,205,Guard,,Canada,Michigan,2022,2022,2,32
1631217,Moussa Diabaté,2002-01-21T00:00:00,6-10,210,Forward,14,France,Michigan,2022,2022,2,43
1631218,Trayce Jackson-Davis,2000-02-22T00:00:00,6-9,245,Forward,32,USA,Indiana,2023,2023,2,57
1631221,Collin Gillespie,1999-06-25T00:00:00,6-1,195,Guard,12,USA,Villanova,2022,,,
1631222,Jake LaRavia,2001-11-03T00:00:00,6-7,235,Forward,12,USA,Wake Forest,2022,2022,1,19
1631223,David Roddy,2001-03-27T00:00:00,6-5,255,Forward,45,USA,Colorado State,2022,2022,1,23
1631230,Dominick Barlow,2003-05-26T00:00:00,6-9,224,Forward,25,USA,Overtime Elite,2022,,,
1631243,Mouhamed Gueye,2002-11-09T00:00:00,6-11,210,Forward,18,Senegal,Washington State,2023,2023,2,39
1631245,Quenton Jackson,1998-09-15T00:00:00,6-4,173,Guard,29,USA,Texas A&M,2022,,,
1631246,Vince Williams Jr.,2000-08-30T00:00:00,6-4,205,Guard,,USA,Va Commonwealth,2022,2022,2,47
1631247,Luke Travers,2001-09-03T00:00:00,6-6,207,Forward,,Australia,Rockingham Flames (Aus.),2024,2022,2,56
1631248,Baylor Scheierman,2000-09-26T00:00:00,6-6,205,Guard,55,USA,Creighton,2024,2024,1,30
1631250,Pete Nance,2000-02-19T00:00:00,6-9,225,Forward,35,USA,Northwestern,2023,,,
1631255,Karlo Matković,2001-03-30T00:00:00,6-10,231,Forward-Center,17,Bosnia and Herzegovina,Mega Basket,2024,2022,2,52
1631260,AJ Green,1999-09-27T00:00:00,6-4,190,Guard,20,USA,Northern Iowa,2022,,,
1631288,Jamal Cain,1999-03-20T00:00:00,6-7,191,Forward,8,USA,Oakland,2022,,,
1631321,Sidy Cissoko,2004-04-02T00:00:00,6-6,220,Guard,91,France,NBA G League Ignite,2022,2023,2,44
1631323,Simone Fontecchio,1995-12-09T00:00:00,6-7,209,Forward,0,Italy,Baskonia,2022,,,
1631338,Mouhamadou Gueye,1998-07-06T00:00:00,6-9,210,Forward,16,USA,Pittsburgh,2023,,,
1631342,Daeqwon Plowden,1998-08-29T00:00:00,6-4,216,Guard-Forward,29,USA,Bowling Green,2024,,,
1631351,Lucas Williamson,1999-01-28T00:00:00,6-4,205,Guard,,USA,Loyola (IL),2025,,,
1631451,Javonte Cooke,1999-07-11T00:00:00,6-6,185,Guard,,USA,Winston-Salem,2025,,,
1631457,Alex Morales,1997-11-21T00:00:00,6-6,210,Guard,,USA,Wagner,2025,,,
1631466,Nate Williams,1999-02-12T00:00:00,6-5,205,Guard,19,USA,Buffalo,2022,,,
1641705,Victor Wembanyama,2004-01-04T00:00:00,7-4,235,Forward-Center,1,France,Metropolitans 92,2023,2023,1,1
1641706,Brandon Miller,2002-11-22T00:00:00,6-7,200,Forward,24,USA,Alabama,2023,2023,1,2
1641707,Taylor Hendricks,2003-11-22T00:00:00,6-9,215,Forward,22,USA,Central Florida,2023,2023,1,9
1641708,Amen Thompson,2003-01-30T00:00:00,6-7,200,Guard-Forward,1,USA,Overtime Elite,2023,2023,1,4
1641709,Ausar Thompson,2003-01-30T00:00:00,6-7,205,Guard-Forward,9,USA,Overtime Elite,2023,2023,1,5
1641710,Anthony Black,2004-01-20T00:00:00,6-7,200,Guard,0,USA,Arkansas,2023,2023,1,6
1641711,Gradey Dick,2003-11-20T00:00:00,6-7,200,Guard-Forward,1,USA,Kansas,2023,2023,1,13
1641712,Rayan Rupert,2004-05-31T00:00:00,6-7,205,Guard-Forward,21,France,New Zealand Breakers,2023,2023,2,43
1641713,GG Jackson,2004-12-17T00:00:00,6-9,210,Forward,45,USA,South Carolina,2023,2023,2,45
1641715,Cam Whitmore,2004-07-08T00:00:00,6-6,230,Forward,1,USA,Villanova,2023,2023,1,20
1641716,Jarace Walker,2003-09-04T00:00:00,6-7,235,Forward,5,USA,Houston,2023,2023,1,8
1641717,Cason Wallace,2003-11-07T00:00:00,6-3,195,Guard,22,USA,Kentucky,2023,2023,1,10
1641718,Keyonte George,2003-11-08T00:00:00,6-4,185,Guard,3,USA,Baylor,2023,2023,1,16
1641722,Jordan Hawkins,2002-04-29T00:00:00,6-5,190,Guard,24,USA,Connecticut,2023,2023,1,14
1641723,Kobe Bufkin,2003-09-21T00:00:00,6-4,195,Guard,,USA,Michigan,2023,2023,1,15
1641724,Jett Howard,2003-09-14T00:00:00,6-8,215,Guard,13,USA,Michigan,2023,2023,1,11
1641725,Trey Alexander,2003-05-02T00:00:00,6-5,185,Guard,23,USA,Creighton,2024,,,
1641726,Dereck Lively II,2004-02-12T00:00:00,7-1,230,Center,2,USA,Duke,2023,2023,1,12
1641727,Dariq Whitehead,2004-08-01T00:00:00,6-6,220,Guard-Forward,,USA,Duke,2023,2023,1,22
1641729,Brice Sensabaugh,2003-10-30T00:00:00,6-6,235,Forward,28,USA,Ohio State,2023,2023,1,28
1641730,Noah Clowney,2004-07-14T00:00:00,6-10,210,Forward-Center,21,USA,Alabama,2023,2023,1,21
1641731,Bilal Coulibaly,2004-07-26T00:00:00,6-7,195,Guard,0,France,Metropolitans 92,2023,2023,1,7
1641732,Colby Jones,2002-05-28T00:00:00,6-6,207,Guard,,USA,Xavier,2023,2023,2,34
1641733,Nick Smith Jr.,2004-04-18T00:00:00,6-2,185,Guard,20,USA,Arkansas,2023,2023,1,27
1641737,Adem Bona,2003-03-28T00:00:00,6-10,235,Forward,30,Nigeria,UCLA,2024,2024,2,41
1641738,Kobe Brown,2000-01-01T00:00:00,6-7,250,Forward,24,USA,Missouri,2023,2023,1,30
1641739,Toumani Camara,2000-05-08T00:00:00,6-7,230,Forward,33,Belgium,Dayton,2023,2023,2,52
1641740,Jaylen Clark,2001-10-13T00:00:00,6-5,205,Guard,22,USA,UCLA,2023,2023,2,53
1641744,Zach Edey,2002-05-14T00:00:00,7-3,305,Center,14,Canada,Purdue,2024,2024,1,9
1641747,DaRon Holmes II,2002-08-15T00:00:00,6-9,225,Forward,14,USA,Dayton,2024,2024,1,22
1641748,Andre Jackson Jr.,2001-11-13T00:00:00,6-6,209,Guard,44,USA,Connecticut,2023,2023,2,36
1641750,Ryan Kalkbrenner,2002-01-17T00:00:00,7-1,256,Center,11,USA,Creighton,2025,2025,2,34
1641752,Bobi Klintman,2003-03-06T00:00:00,6-9,225,Forward,,Sweden,Wake Forest,2024,2024,2,37
1641753,Chris Livingston,2003-10-15T00:00:00,6-6,220,Forward,,USA,Kentucky,2023,2023,2,58
1641755,Kevin McCullar Jr.,2001-03-15T00:00:00,6-6,210,Guard,9,USA,Kansas,2024,2024,2,56
1641757,Jordan Miller,2000-01-23T00:00:00,6-5,194,Guard,22,USA,Miami,2023,2023,2,48
1641761,Grant Nelson,2002-03-18T00:00:00,7-0,215,Forward,,USA,Alabama,2025,,,
1641763,Julian Phillips,2003-11-05T00:00:00,6-6,201,Forward,4,USA,Tennessee,2023,2023,2,35
1641764,Brandin Podziemski,2003-02-25T00:00:00,6-4,205,Guard,2,USA,Santa Clara,2023,2023,1,19
1641765,Olivier-Maxence Prosper,2002-07-03T00:00:00,6-7,230,Forward,18,Canada,Marquette,2023,2023,1,24
1641767,Ben Sheppard,2001-07-16T00:00:00,6-6,190,Guard,26,USA,Belmont,2023,2023,1,26
1641771,Jalen Slawson,1999-10-22T00:00:00,6-7,215,Forward,18,USA,Furman,2023,2023,2,54
1641772,Nae'Qwan Tomlin,2000-12-19T00:00:00,6-8,210,Forward,35,USA,Memphis,2024,,,
1641774,Tristan Vukcevic,2003-03-11T00:00:00,7-0,220,Forward,00,Italy,Real Madrid,2023,2023,2,42
1641775,Jordan Walsh,2004-03-03T00:00:00,6-6,205,Guard,27,USA,Arkansas,2023,2023,2,38
1641778,Leaky Black,1999-06-14T00:00:00,6-6,209,Forward,12,USA,North Carolina,2023,,,
1641780,Johni Broome,2002-07-19T00:00:00,6-9,244,Forward,22,USA,Auburn,2025,2025,2,35
1641783,Tristan da Silva,2001-05-15T00:00:00,6-8,217,Forward,23,Germany,Colorado,2024,2024,1,18
1641787,Tosan Evbuomwan,2001-02-16T00:00:00,6-8,217,Forward,20,United Kingdom,Princeton,2023,,,
1641790,PJ Hall,2002-02-21T00:00:00,6-8,245,Center,16,USA,Clemson,2024,,,
1641794,Dillon Jones,2001-10-29T00:00:00,6-5,235,Forward,33,USA,Weber State,2024,2024,1,26
1641796,Pelle Larsson,2001-02-23T00:00:00,6-5,215,Guard,9,Sweden,Arizona,2024,2024,2,44
1641801,Emanuel Miller,2000-06-19T00:00:00,6-5,215,Forward,14,Canada,TCU,2024,,,
1641803,Tristen Newton,2001-04-26T00:00:00,6-5,190,Guard,13,USA,Connecticut,2024,2024,2,49
1641807,Norchad Omier,2001-08-28T00:00:00,6-7,248,Forward,,Nicaragua,Miami,2025,,,
1641809,Drew Peterson,1999-11-09T00:00:00,6-8,205,Forward,,USA,USC,2023,,,
1641810,Antonio Reeves,2000-11-20T00:00:00,6-5,205,Guard,12,USA,Kentucky,2024,2024,2,47
1641813,Mark Sears,2002-02-19T00:00:00,6-0,185,Guard,,USA,Alabama,2025,,,
1641815,Isaiah Stevens,2000-11-01T00:00:00,5-11,185,Guard,24,USA,Colorado State,2024,,,
1641816,Hunter Tyson,2000-06-13T00:00:00,6-8,215,Forward,,USA,Clemson,2023,2023,2,37
1641824,Matas Buzelis,2004-10-13T00:00:00,6-8,196,Forward,14,USA,NBA G League Ignite,2023,2024,1,11
1641842,Ronald Holland II,2005-07-07T00:00:00,6-8,206,Forward,5,USA,NBA G League Ignite,2023,2024,1,5
1641854,Craig Porter Jr.,2000-02-26T00:00:00,6-1,180,Guard,9,USA,Wichita State,2023,,,
1641869,Malachi Smith,1999-12-06T00:00:00,6-4,205,Guard,18,USA,Gonzaga,2025,,,
1641871,Duop Reath,1996-06-26T00:00:00,6-9,245,Center,,South Sudan,Louisiana State,2023,,,
1641890,Tyler Smith,2004-11-02T00:00:00,6-9,224,Forward,21,USA,NBA G League Ignite,2023,2024,2,33
1641989,Elijah Harkless,2000-02-03T00:00:00,6-3,195,Guard,16,USA,UNLV,2024,,,
1641998,Trey Jemison III,1999-11-28T00:00:00,6-10,270,Center,50,USA,Alabama-Birmingham,2023,,,
1642066,Myron Gardner,2001-05-21T00:00:00,6-5,220,Forward,15,USA,Arkansas-Little Rock,2025,,,
1642258,Zaccharie Risacher,2005-04-08T00:00:00,6-8,200,Forward,10,France,JL Bourg-en-Bresse,2024,2024,1,1
1642259,Alex Sarr,2005-04-26T00:00:00,7-0,205,Center,20,France,Washington Wizards,2024,2024,1,2
1642260,Nikola Topić,2005-08-10T00:00:00,6-6,200,Guard,44,Serbia,Crvena zvezda,2024,2024,1,12
1642261,Dalton Knecht,2001-04-19T00:00:00,6-6,215,Forward,4,USA,Tennessee,2024,2024,1,17
1642262,Cody Williams,2004-11-20T00:00:00,6-8,190,Forward,5,USA,Colorado,2024,2024,1,10
1642263,Reed Sheppard,2004-06-24T00:00:00,6-2,185,Guard,15,USA,Kentucky,2024,2024,1,3
1642264,Stephon Castle,2004-11-01T00:00:00,6-6,215,Guard,5,USA,Connecticut,2024,2024,1,4
1642265,Rob Dillingham,2005-01-04T00:00:00,6-2,175,Guard,7,USA,Kentucky,2024,2024,1,8
1642266,Ja'Kobe Walter,2004-09-04T00:00:00,6-4,180,Guard,14,USA,Baylor,2024,2024,1,19
1642267,Bub Carrington,2005-07-21T00:00:00,6-4,190,Guard,7,USA,Pittsburgh,2024,2024,1,14
1642268,Isaiah Collier,2004-10-08T00:00:00,6-4,210,Guard,8,USA,Southern California,2024,2024,1,29
1642269,Devin Carter,2002-03-18T00:00:00,6-2,195,Guard,22,USA,Providence,2024,2024,1,13
1642270,Donovan Clingan,2004-02-23T00:00:00,7-2,280,Center,23,USA,Connecticut,2024,2024,1,7
1642271,Kyle Filipowski,2003-11-07T00:00:00,6-11,250,Center,22,USA,Duke,2024,2024,2,32
1642272,Jared McCain,2004-02-20T00:00:00,6-3,195,Guard,3,USA,Duke,2024,2024,1,16
1642273,Kyshawn George,2003-12-12T00:00:00,6-8,200,Forward,18,Switzerland,Miami,2024,2024,1,24
1642274,Yves Missi,2004-05-14T00:00:00,6-11,235,Center,21,Cameroon,Baylor,2024,2024,1,21
1642275,Tidjane Salaün,2005-08-10T00:00:00,6-10,207,Forward,31,France,Cholet,2024,2024,1,6
1642276,Kel'el Ware,2004-04-20T00:00:00,7-0,230,Center,7,USA,Indiana,2024,2024,1,15
1642277,Johnny Furphy,2004-12-08T00:00:00,6-8,200,Guard,12,Australia,Kansas,2024,2024,2,35
1642278,Tyler Kolek,2001-03-27T00:00:00,6-2,195,Guard,13,USA,Marquette,2024,2024,2,34
1642280,Trentyn Flowers,2005-03-08T00:00:00,6-9,185,Forward,,USA,Adelaide,2024,,,
1642281,Jaylon Tyson,2002-12-02T00:00:00,6-6,215,Guard-Forward,20,USA,California,2024,2024,1,20
1642282,Hunter Sallis,2003-03-26T00:00:00,6-4,185,Guard,,USA,Wake Forest,2025,,,
1642285,Cam Spencer,2000-04-06T00:00:00,6-3,205,Guard,24,USA,Connecticut,2024,2024,2,53
1642345,Oso Ighodaro,2002-07-14T00:00:00,6-11,235,Forward,11,USA,Marquette,2024,2024,2,40
1642346,Ryan Dunn,2003-01-07T00:00:00,6-7,216,Forward,0,USA,Virginia,2024,2024,1,28
1642347,Jamal Shead,2002-07-24T00:00:00,6-1,200,Guard,23,USA,Houston,2024,2024,2,45
1642348,Justin Edwards,2003-12-16T00:00:00,6-7,217,Forward,11,USA,Kentucky,2024,,,
1642349,Ajay Mitchell,2002-06-25T00:00:00,6-4,190,Guard,25,Belgium,California-Santa Barbara,2024,2024,2,38
1642352,Keshad Johnson,2001-06-23T00:00:00,6-6,225,Forward,16,USA,Arizona,2024,,,
1642353,Cam Christie,2005-07-24T00:00:00,6-5,190,Guard,12,USA,Minnesota,2024,2024,2,46
1642354,KJ Simpson,2002-08-08T00:00:00,6-2,189,Guard,25,USA,Colorado,2024,2024,2,42
1642355,Bronny James,2004-10-06T00:00:00,6-2,210,Guard,9,USA,Southern California,2024,2024,2,55
1642357,David Jones Garcia,2001-11-24T00:00:00,6-4,210,Guard,25,Dominican Republic,Memphis,2025,,,
1642358,AJ Johnson,2004-12-01T00:00:00,6-5,160,Guard,8,USA,Illawarra,2024,2024,1,23
1642359,Pacôme Dadiet,2005-07-27T00:00:00,6-9,210,Forward,4,France,Ratiopharm Ulm,2024,2024,1,25
1642362,Payton Sandfort,2002-07-12T00:00:00,6-7,215,Forward,14,USA,Iowa,2025,,,
1642363,Nique Clifford,2002-02-09T00:00:00,6-5,175,Guard,5,USA,Colorado State,2025,2025,1,24
1642364,Jamir Watkins,2001-07-06T00:00:00,6-6,210,Forward,5,USA,Florida State,2025,2025,2,43
1642366,Quinten Post,2000-03-21T00:00:00,7-0,238,Center,21,Netherlands,Boston College,2024,2024,2,52
1642367,Jonathan Mogbo,2001-10-29T00:00:00,6-9,225,Forward,2,USA,San Francisco,2024,2024,2,31
1642368,N'Faly Dante,2001-10-19T00:00:00,6-11,230,Center,,Mali,Oregon,2024,,,
1642377,Jaylen Wells,2003-08-26T00:00:00,6-7,,Forward,0,USA,Washington State,2024,2024,2,39
1642380,Adama Bal,2003-12-18T00:00:00,6-7,190,Guard,,France,Santa Clara,2025,,,
1642382,Branden Carlson,1999-06-14T00:00:00,7-0,220,Center,15,USA,Utah,2024,,,
1642383,Walter Clayton Jr.,2003-03-06T00:00:00,6-4,195,Guard,4,USA,Florida,2025,2025,1,18
1642384,Isaiah Crawford,2001-11-01T00:00:00,6-6,220,Forward,27,USA,Louisiana Tech,2024,,,
1642389,Zyon Pullin,2001-03-03T00:00:00,6-4,206,Guard,15,USA,Florida,2024,,,
1642396,Blake Hinson,1999-12-26T00:00:00,6-8,230,Forward,2,USA,Pittsburgh,2025,,,
1642400,Tristan Enaruna,2001-06-26T00:00:00,6-7,220,Forward,21,Netherlands,Cleveland State,2025,,,
1642402,Enrique Freeman,2000-07-29T00:00:00,6-9,220,Forward,25,USA,Akron,2024,2024,2,50
1642403,Isaac Jones,2000-07-11T00:00:00,6-8,245,Forward,3,USA,Washington State,2024,,,
1642404,Chaz Lanier,2001-12-19T00:00:00,6-3,206,Guard,20,USA,Tennessee,2025,2025,2,37
1642419,Jamison Battle,2001-05-10T00:00:00,6-7,220,Forward,77,USA,Ohio State,2024,,,
1642434,Riley Minix,2000-09-22T00:00:00,6-7,230,Forward,12,USA,Morehead State,2024,,,
1642443,Jahmir Young,2000-10-07T00:00:00,6-0,185,Guard,17,USA,Maryland,2024,,,
1642449,Tolu Smith,2000-07-26T00:00:00,6-11,,Forward,35,USA,Mississippi State,2024,,,
1642450,Daniss Jenkins,2001-08-17T00:00:00,6-4,165,Guard,24,USA,St. John's,2024,,,
1642461,Spencer Jones,2001-06-14T00:00:00,6-7,225,Forward,21,USA,Stanford,2024,,,
1642468,Darius Brown,1999-07-28T00:00:00,6-2,192,Guard,,USA,Utah State,2025,,,
1642484,RayJ Dennis,2001-03-30T00:00:00,6-1,180,Guard,00,USA,Baylor,2024,,,
1642490,Josh Oduro,2000-10-14T00:00:00,6-9,240,Center,,USA,Providence,2025,,,
1642502,Malevy Leons,1999-09-23T00:00:00,6-9,210,Forward,33,Netherlands,Bradley,2024,,,
1642504,Cormac Ryan,1998-10-26T00:00:00,6-5,205,Guard,30,USA,North Carolina,2025,,,
1642530,Yuki Kawamura,2001-05-02T00:00:00,5-7,159,Guard,8,Japan,Yokohama B-Corsairs (Japan),2024,,,
1642843,Cooper Flagg,2006-12-21T00:00:00,6-9,205,Forward,32,USA,Duke,2025,2025,1,1
1642844,Dylan Harper,2006-03-02T00:00:00,6-5,215,Guard,2,USA,Rutgers,2025,2025,1,2
1642845,VJ Edgecombe,2005-07-30T00:00:00,6-4,190,Guard,77,USA,Baylor,2025,2025,1,3
1642846,Ace Bailey,2006-08-13T00:00:00,6-9,200,Forward,19,USA,Rutgers,2025,2025,1,5
1642847,Jeremiah Fears,2006-10-14T00:00:00,6-3,190,Guard,0,USA,Oklahoma,2025,2025,1,7
1642848,Tre Johnson,2006-03-07T00:00:00,6-5,190,Guard,12,USA,Texas,2025,2025,1,6
1642849,Nolan Traore,2006-05-28T00:00:00,6-3,185,Guard,88,France,Saint-Quentin,2025,2025,1,19
1642851,Kon Knueppel,2005-08-03T00:00:00,6-6,215,Guard-Forward,7,USA,Duke,2025,2025,1,4
1642852,Derik Queen,2004-12-27T00:00:00,6-9,250,Center,22,USA,Maryland,2025,2025,1,13
1642853,Rasheer Fleming,2004-07-10T00:00:00,6-9,240,Forward,20,USA,St. Joseph's (PA),2025,2025,2,31
1642854,Asa Newell,2005-10-05T00:00:00,6-10,220,Forward,14,USA,Georgia,2025,2025,1,23
1642855,Noa Essengue,2006-12-18T00:00:00,6-8,194,Forward,24,France,,2025,2025,1,12
1642856,Egor Dëmin,2006-03-03T00:00:00,6-8,200,Guard,8,Russia,Brigham Young,2025,2025,1,8
1642857,Kasparas Jakučionis,2006-05-29T00:00:00,6-5,200,Guard,25,Lithuania,Illinois-Urbana-Champaign,2025,2025,1,20
1642859,Jase Richardson,2005-10-16T00:00:00,6-1,180,Guard,11,USA,Michigan State,2025,2025,1,25
1642860,Will Riley,2006-02-10T00:00:00,6-9,180,Forward,27,USA,Illinois-Urbana-Champaign,2025,2025,1,21
1642862,Liam McNeeley,2005-10-10T00:00:00,6-7,210,Forward,33,USA,Connecticut,2025,2025,1,29
1642863,Khaman Maluach,2006-09-14T00:00:00,7-1,250,Center,10,South Sudan,Duke,2025,2025,1,10
1642864,Hugo González,2006-02-05T00:00:00,6-6,200,Guard,28,Spain,Real Madrid,2025,2025,1,28
1642866,Joan Beringer,2006-11-11T00:00:00,6-11,230,Forward,19,France,,2025,2025,1,17
1642867,Collin Murray-Boyles,2005-06-10T00:00:00,6-7,245,Forward,12,USA,South Carolina,2025,2025,1,9
1642868,Carter Bryant,2005-11-26T00:00:00,6-6,220,Forward,11,USA,Arizona,2025,2025,1,14
1642869,Noah Penda,2005-01-07T00:00:00,6-7,215,Guard-Forward,93,France,,2025,2025,2,32
1642873,Amari Williams,2002-01-28T00:00:00,6-11,250,Forward-Center,77,United Kingdom,Kentucky,2025,2025,2,46
1642874,Danny Wolf,2004-05-05T00:00:00,6-11,250,Forward,2,USA,Michigan,2025,2025,1,27
1642875,Maxime Raynaud,2003-04-07T00:00:00,7-1,250,Center,42,France,Stanford,2025,2025,2,42
1642876,Adou Thiero,2004-05-08T00:00:00,6-7,220,Guard,1,USA,Arkansas,2025,2025,2,36
1642877,Micah Peavy,2001-07-16T00:00:00,6-7,215,Guard-Forward,14,USA,Georgetown,2025,2025,2,40
1642878,Tyrese Proctor,2004-04-01T00:00:00,6-4,185,Guard,24,Australia,Duke,2025,2025,2,49
1642879,Ben Saraf,2006-04-14T00:00:00,6-6,200,Guard,77,Israel,Ratiopharm Ulm,2025,2025,1,26
1642880,Kam Jones,2002-02-25T00:00:00,6-4,200,Guard,7,USA,Marquette,2025,2025,2,38
1642882,Julian Reese,2003-06-30T00:00:00,6-9,230,Forward,,USA,Maryland,2025,,,
1642883,Sion James,2002-12-04T00:00:00,6-5,220,Guard,4,USA,Duke,2025,2025,2,33
1642884,Vladislav Goldin,2001-05-12T00:00:00,7-0,250,Center,50,Russia,Michigan,2025,,,
1642885,Mohamed Diawara,2005-04-29T00:00:00,6-9,225,Forward,51,France,,2025,2025,2,51
1642886,Koby Brea,2002-11-06T00:00:00,6-5,215,Guard,14,USA,Kentucky,2025,2025,2,41
1642905,Yang Hansen,2005-06-26T00:00:00,7-1,270,Center,16,China,,2025,2025,1,16
1642907,Cedric Coward,2003-09-11T00:00:00,6-5,206,Guard,23,USA,Washington State,2025,2025,1,11
1642910,John Tonje,2001-04-23T00:00:00,6-4,218,Guard,8,USA,Wisconsin,2025,2025,2,53
1642911,Rocco Zikarsky,2006-07-11T00:00:00,7-3,227,Center,44,Australia,,2025,2025,2,45
1642914,Javon Small,2002-12-19T00:00:00,6-1,190,Guard,10,USA,West Virginia,2025,2025,2,48
1642917,Max Shulga,2002-06-25T00:00:00,6-4,210,Guard,44,Ukraine,Virginia Commonwealth,2025,2025,2,57
1642918,Alijah Martin,2001-12-26T00:00:00,6-2,210,Guard,55,USA,Florida,2025,2025,2,39
1642920,Kobe Sanders,2002-05-30T00:00:00,6-8,207,Guard,4,USA,Nevada,2025,2025,2,50
1642928,Dylan Cardwell,2001-12-16T00:00:00,6-10,255,Center,32,USA,Auburn,2025,,,
1642933,Keshon Gilbert,2003-06-30T00:00:00,6-4,200,Guard,,USA,Iowa State,2025,,,
1642935,Chucky Hepburn,2003-02-09T00:00:00,6-0,190,Guard,24,USA,Louisville,2025,,,
1642938,Curtis Jones,2001-10-04T00:00:00,6-3,195,Guard,1,USA,Iowa State,2025,,,
1642939,Miles Kelly,2003-01-26T00:00:00,6-4,190,Guard,,USA,Auburn,2025,,,
1642942,Jahmai Mashack,2002-11-10T00:00:00,6-4,203,Guard,,USA,Tennessee,2025,2025,2,59
1642948,Ryan Nembhard,2003-03-10T00:00:00,5-11,180,Guard,9,Canada,Gonzaga,2025,,,
1642949,Yanic Konan Niederhäuser,2003-03-14T00:00:00,6-11,242,Center,14,Switzerland,Penn State,2025,2025,1,30
1642950,Lachlan Olbrich,2003-12-30T00:00:00,6-8,236,Center,47,Australia,Illawarra,2025,2025,2,55
1642951,Sean Pedulla,2002-10-10T00:00:00,6-1,195,Guard,,USA,Mississippi,2025,,,
1642954,Will Richard,2002-12-24T00:00:00,6-3,206,Guard,3,USA,Florida,2025,2025,2,56
1642955,Kadary Richmond,2001-08-25T00:00:00,6-6,205,Guard,,USA,"St. John's, N.Y.",2025,,,
1642959,Chris Youngblood,2002-02-09T00:00:00,6-4,,Guard,3,USA,Alabama,2025,,,
1642962,Drake Powell,2005-09-08T00:00:00,6-5,195,Guard-Forward,4,USA,North Carolina,2025,2025,1,22
1642964,Brooks Barnhizer,2002-03-02T00:00:00,6-5,230,Guard,23,USA,Northwestern,2025,2025,2,44
1642967,John Poulakidas,2003-04-04T00:00:00,6-6,205,Guard,,USA,Yale,2025,,,
1643007,Taelon Peter,2002-02-27T00:00:00,6-3,185,Guard,4,USA,Liberty,2025,2025,2,54
1643016,Bez Mbeng,2003-05-02T00:00:00,6-4,185,Guard,21,USA,Yale,2025,,,
1643018,LJ Cryer,2001-10-09T00:00:00,6-0,,Guard,18,USA,Houston,2025,,,
1643024,Chris Mañon,2001-12-09T00:00:00,6-4,209,Guard,30,USA,Vanderbilt,2025,,,
1643047,CJ Huntley,2002-01-06T00:00:00,6-11,230,Forward,22,USA,Appalachian State,2025,,,
1643052,Chaney Johnson,2002-06-20T00:00:00,6-7,220,Guard-Forward,31,USA,Auburn,2025,,,
1643060,Hayden Gray,2003-05-11T00:00:00,6-4,190,Guard,,USA,California-San Diego,2025,,,
1643133,Lawson Lovering,2003-05-09T00:00:00,7-0,,Center,,USA,Utah,2025,,,
1643141,Jahmyl Telfort,2001-04-30T00:00:00,6-7,,Guard,,Canada,,2025,,,
1643158,Andersson Garcia,2000-08-23T00:00:00,6-7,220,Forward,,Dominican Republic,Texas A&M,2025,,,
1643253,Toby Okani,2001-10-05T00:00:00,6-8,210,Forward,,USA,West Virginia,2025,,,
1643257,Jayson Kent,2002-02-03T00:00:00,6-8,215,Forward,,USA,Texas,2025,,,
